[
  {
    "id":1,
    "name":"푸들",
    "type":"Dog",
    "size":"Medium",
    "personality":"경계심 적음",
    "available":true,
    "image":"https://cdn.pixabay.com/photo/2024/12/06/05/16/dogs-9247872_1280.jpg",
    "note":"빨간 목줄 착용, 순함",
    "description":"부산광역시 해운대구 송정2로13번길 46 (송정동)에서 구조됨"
  },
  {
    "id":2,
    "name":"한국 고양이",
    "type":"Cat",
    "size":"Small",
    "personality":"활발함",
    "available":true,
    "image":"https:\/\/placekitten.com\/300\/200?image=9",
    "note":"하수구에빠져있음,영양상태부족,북구2-59",
    "description":"부산광역시 강서구 맥도강변길 752-15 (대저2동)에서 구조됨"
  },
  {
    "id":3,
    "name":"믹스견",
    "type":"Dog",
    "size":"Large",
    "personality":"경계심 적음",
    "available":true,
    "image":"https://cdn.pixabay.com/photo/2023/09/04/06/59/dog-8232158_1280.jpg",
    "note":"목줄+리드줄 착용, 순함, 흰색",
    "description":"부산광역시 해운대구 송정2로13번길 46 (송정동)에서 구조됨"
  },
  {
    "id":4,
    "name":"믹스묘",
    "type":"Cat",
    "size":"Small",
    "personality":"조용함",
    "available":true,
    "image":"https:\/\/placekitten.com\/300\/200?image=10",
    "note":"안질환, 영양상태 불량, 갈색+흰색",
    "description":"부산광역시 해운대구 송정2로13번길 46 (송정동)에서 구조됨"
  },
  {
    "id":6,
    "name":"한국 고양이",
    "type":"Cat",
    "size":"Small",
    "personality":"활발함",
    "available":true,
    "image":"https:\/\/placekitten.com\/300\/200?image=9",
    "note":"영양상태 불량, 기력 매우 저하, 갈색",
    "description":"부산광역시 해운대구 송정2로13번길 46 (송정동)에서 구조됨"
  },
  {
    "id":7,
    "name":"한국 고양이",
    "type":"Cat",
    "size":"Small",
    "personality":"활발함",
    "available":true,
    "image":"https:\/\/placekitten.com\/300\/200?image=7",
    "note":"사상67 (244)",
    "description":"부산광역시 강서구 제도로 726 (강동동)에서 구조됨"
  },
  {
    "id":8,
    "name":"한국 고양이",
    "type":"Cat",
    "size":"Small",
    "personality":"활발함",
    "available":true,
    "image":"https:\/\/placekitten.com\/300\/200?image=8",
    "note":"어미와 분리",
    "description":"부산광역시 강서구 제도로 726 (강동동)에서 구조됨"
  },
  {
    "id":9,
    "name":"골든 리트리버",
    "type":"Dog",
    "size":"Small",
    "personality":"활발함",
    "available":true,
    "image":"https://cdn.pixabay.com/photo/2023/09/24/14/05/dog-8272860_1280.jpg",
    "note":"미반환 시 신고자 입양 예정, 순함",
    "description":"부산광역시 해운대구 송정2로13번길 46 (송정동)에서 구조됨"
  },
  {
    "id":10,
    "name":"믹스묘",
    "type":"Cat",
    "size":"Small",
    "personality":"조용함",
    "available":true,
    "image":"https:\/\/placekitten.com\/300\/200?image=4",
    "note":"비맞고 버려져 있음, 5두동시입소, 젖먹이, 인공수유",
    "description":"부산광역시 강서구 맥도강변길 752-15 (대저2동)에서 구조됨"
  },
  {
    "id":11,
    "name":"한국 고양이",
    "type":"Cat",
    "size":"Small",
    "personality":"활발함",
    "available":true,
    "image":"https:\/\/placekitten.com\/300\/200?image=1",
    "note":"비맞고 버려져 있음, 5두동시입소, 젖먹이, 인공수유",
    "description":"부산광역시 강서구 맥도강변길 752-15 (대저2동)에서 구조됨"
  },
  {
    "id":12,
    "name":"한국 고양이",
    "type":"Cat",
    "size":"Small",
    "personality":"조용함",
    "available":true,
    "image":"https:\/\/placekitten.com\/300\/200?image=9",
    "note":"비맞고 버려져 있음, 5두동시입소, 젖먹이, 인공수유",
    "description":"부산광역시 강서구 맥도강변길 752-15 (대저2동)에서 구조됨"
  },
  {
    "id":13,
    "name":"한국 고양이",
    "type":"Cat",
    "size":"Small",
    "personality":"조용함",
    "available":true,
    "image":"https:\/\/placekitten.com\/300\/200?image=7",
    "note":"비맞고 버려져 있음, 5두동시입소, 젖먹이, 인공수유",
    "description":"부산광역시 강서구 맥도강변길 752-15 (대저2동)에서 구조됨"
  },
  {
    "id":14,
    "name":"믹스묘",
    "type":"Cat",
    "size":"Small",
    "personality":"조용함",
    "available":true,
    "image":"https:\/\/placekitten.com\/300\/200?image=6",
    "note":"비맞고 버려져 있음, 5두동시입소, 젖먹이, 인공수유",
    "description":"부산광역시 강서구 맥도강변길 752-15 (대저2동)에서 구조됨"
  },
  {
    "id":15,
    "name":"한국 고양이",
    "type":"Cat",
    "size":"Small",
    "personality":"활발함",
    "available":true,
    "image":"https:\/\/placekitten.com\/300\/200?image=5",
    "note":"말랐음. 분유수유 거부함",
    "description":"부산광역시 동구 망양로 835-1 (수정동)에서 구조됨"
  },
  {
    "id":16,
    "name":"믹스견",
    "type":"Dog",
    "size":"Small",
    "personality":"경계심 적음",
    "available":true,
    "image":"https://cdn.pixabay.com/photo/2018/12/19/19/46/dog-3884646_1280.jpg",
    "note":"초록목줄을하고있음,꼬리가짧음,피부병이있음,서구1-49",
    "description":"부산광역시 강서구 맥도강변길 752-15 (대저2동)에서 구조됨"
  },
  {
    "id":17,
    "name":"한국 고양이",
    "type":"Cat",
    "size":"Small",
    "personality":"조용함",
    "available":true,
    "image":"https:\/\/placekitten.com\/300\/200?image=4",
    "note":"안질환, 영양상태 불량, 기력 저하, 검정+갈색",
    "description":"부산광역시 해운대구 송정2로13번길 46 (송정동)에서 구조됨"
  },
  {
    "id":18,
    "name":"한국 고양이",
    "type":"Cat",
    "size":"Small",
    "personality":"조용함",
    "available":true,
    "image":"https:\/\/placekitten.com\/300\/200?image=10",
    "note":"안질환",
    "description":"부산광역시 해운대구 송정2로13번길 46 (송정동)에서 구조됨"
  },
  {
    "id":19,
    "name":"믹스견",
    "type":"Dog",
    "size":"Small",
    "personality":"경계심 적음",
    "available":true,
    "image":"https://cdn.pixabay.com/photo/2023/09/04/06/59/dog-8232158_1280.jpg",
    "note":"피부병, 예민함, 갈색",
    "description":"부산광역시 해운대구 송정2로13번길 46 (송정동)에서 구조됨"
  },
  {
    "id":20,
    "name":"한국 고양이",
    "type":"Cat",
    "size":"Small",
    "personality":"활발함",
    "available":true,
    "image":"https:\/\/placekitten.com\/300\/200?image=4",
    "note":"단모",
    "description":"부산광역시 강서구 제도로 726 (강동동)에서 구조됨"
  },
  {
    "id":21,
    "name":"믹스묘",
    "type":"Cat",
    "size":"Small",
    "personality":"활발함",
    "available":true,
    "image":"https:\/\/placekitten.com\/300\/200?image=5",
    "note":"단모",
    "description":"부산광역시 강서구 제도로 726 (강동동)에서 구조됨"
  },
  {
    "id":22,
    "name":"한국 고양이",
    "type":"Cat",
    "size":"Small",
    "personality":"조용함",
    "available":true,
    "image":"https:\/\/placekitten.com\/300\/200?image=5",
    "note":"단모",
    "description":"부산광역시 강서구 제도로 726 (강동동)에서 구조됨"
  },
  {
    "id":23,
    "name":"믹스묘",
    "type":"Cat",
    "size":"Small",
    "personality":"활발함",
    "available":true,
    "image":"https:\/\/placekitten.com\/300\/200?image=2",
    "note":"어미와 분리",
    "description":"부산광역시 강서구 제도로 726 (강동동)에서 구조됨"
  },
  {
    "id":24,
    "name":"믹스묘",
    "type":"Cat",
    "size":"Small",
    "personality":"조용함",
    "available":true,
    "image":"https:\/\/placekitten.com\/300\/200?image=7",
    "note":"영양상태 불량, 기력 매우 저하, 검정+흰색",
    "description":"부산광역시 해운대구 송정2로13번길 46 (송정동)에서 구조됨"
  },
  {
    "id":25,
    "name":"믹스묘",
    "type":"Cat",
    "size":"Small",
    "personality":"활발함",
    "available":true,
    "image":"https:\/\/placekitten.com\/300\/200?image=4",
    "note":"영양상태 불량, 기력 매우 저하, 갈색",
    "description":"부산광역시 해운대구 송정2로13번길 46 (송정동)에서 구조됨"
  },
  {
    "id":26,
    "name":"한국 고양이",
    "type":"Cat",
    "size":"Small",
    "personality":"조용함",
    "available":true,
    "image":"https:\/\/placekitten.com\/300\/200?image=4",
    "note":"영양상태 불량, 기력 매우 저하, 삼색",
    "description":"부산광역시 해운대구 송정2로13번길 46 (송정동)에서 구조됨"
  },
  {
    "id":27,
    "name":"포메라니안",
    "type":"Dog",
    "size":"Medium",
    "personality":"활발함",
    "available":true,
    "image":"https:\/\/place-puppy.com\/300x200?image=6",
    "note":"순함, 갈색",
    "description":"부산광역시 해운대구 송정2로13번길 46 (송정동)에서 구조됨"
  },
  {
    "id":28,
    "name":"골든 리트리버",
    "type":"Dog",
    "size":"Small",
    "personality":"활발함",
    "available":true,
    "image":"https://cdn.pixabay.com/photo/2023/09/24/14/05/dog-8272860_1280.jpg",
    "note":"소유권 포기, 순함, 연갈색",
    "description":"부산광역시 해운대구 송정2로13번길 46 (송정동)에서 구조됨"
  },
  {
    "id":29,
    "name":"골든 리트리버",
    "type":"Dog",
    "size":"Medium",
    "personality":"활발함",
    "available":true,
    "image":"https://cdn.pixabay.com/photo/2023/09/24/14/05/dog-8272860_1280.jpg",
    "note":"소유권 포기, 순함, 흰색",
    "description":"부산광역시 해운대구 송정2로13번길 46 (송정동)에서 구조됨"
  },
  {
    "id":30,
    "name":"골든 리트리버",
    "type":"Dog",
    "size":"Medium",
    "personality":"활발함",
    "available":true,
    "image":"https://cdn.pixabay.com/photo/2024/03/19/20/14/golden-retriever-puppies-8644050_1280.jpg",
    "note":"동물등록칩(410.100.008.058.632), 겁 많음, 순함, 흰색",
    "description":"부산광역시 해운대구 송정2로13번길 46 (송정동)에서 구조됨"
  },
  {
    "id":31,
    "name":"믹스묘",
    "type":"Cat",
    "size":"Small",
    "personality":"활발함",
    "available":true,
    "image":"https:\/\/placekitten.com\/300\/200?image=5",
    "note":"황토-흰",
    "description":"부산광역시 강서구 제도로 726 (강동동)에서 구조됨"
  },
  {
    "id":32,
    "name":"믹스견",
    "type":"Dog",
    "size":"Medium",
    "personality":"경계심 적음",
    "available":true,
    "image":"https://cdn.pixabay.com/photo/2023/09/04/06/59/dog-8232158_1280.jpg",
    "note":"뒷다리 부상 추정",
    "description":"부산광역시 강서구 제도로 726 (강동동)에서 구조됨"
  },
  {
    "id":33,
    "name":"푸들",
    "type":"Dog",
    "size":"Small",
    "personality":"활발함",
    "available":true,
    "image":"https://cdn.pixabay.com/photo/2022/07/12/17/12/dog-7317820_1280.jpg",
    "note":"탈장, 순함, 갈색",
    "description":"부산광역시 해운대구 송정2로13번길 46 (송정동)에서 구조됨"
  },
  {
    "id":35,
    "name":"한국 고양이",
    "type":"Cat",
    "size":"Small",
    "personality":"활발함",
    "available":true,
    "image":"https:\/\/placekitten.com\/300\/200?image=1",
    "note":"순함, 귀여움, 검+갈",
    "description":"부산광역시 해운대구 송정2로13번길 46 (송정동)에서 구조됨"
  },
  {
    "id":36,
    "name":"믹스묘",
    "type":"Cat",
    "size":"Small",
    "personality":"활발함",
    "available":true,
    "image":"https:\/\/placekitten.com\/300\/200?image=7",
    "note":"양쪽 눈 각막궤양, 허피스 증상, 영양실조",
    "description":"부산광역시 동구 망양로 835-1 (수정동)에서 구조됨"
  },
  {
    "id":37,
    "name":"골든 리트리버",
    "type":"Dog",
    "size":"Small",
    "personality":"경계심 적음",
    "available":true,
    "image":"https://cdn.pixabay.com/photo/2015/08/06/10/40/puppy-877664_1280.jpg",
    "note":"순함, 털 오염",
    "description":"부산광역시 해운대구 송정2로13번길 46 (송정동)에서 구조됨"
  },
  {
    "id":38,
    "name":"믹스묘",
    "type":"Cat",
    "size":"Small",
    "personality":"활발함",
    "available":true,
    "image":"https:\/\/placekitten.com\/300\/200?image=2",
    "note":"눈 뜨는 중, 영양상태 불량, 기력 저하",
    "description":"부산광역시 해운대구 송정2로13번길 46 (송정동)에서 구조됨"
  },
  {
    "id":39,
    "name":"믹스묘",
    "type":"Cat",
    "size":"Small",
    "personality":"조용함",
    "available":true,
    "image":"https:\/\/placekitten.com\/300\/200?image=1",
    "note":"눈 뜨는 중, 영양상태 불량, 기력 저하",
    "description":"부산광역시 해운대구 송정2로13번길 46 (송정동)에서 구조됨"
  },
  {
    "id":40,
    "name":"치와와",
    "type":"Dog",
    "size":"Medium",
    "personality":"경계심 적음",
    "available":true,
    "image":"https://cdn.pixabay.com/photo/2015/11/17/12/42/puppy-1047454_1280.jpg",
    "note":"경계 심함",
    "description":"부산광역시 해운대구 송정2로13번길 46 (송정동)에서 구조됨"
  },
  {
    "id":41,
    "name":"믹스묘",
    "type":"Cat",
    "size":"Small",
    "personality":"활발함",
    "available":true,
    "image":"https:\/\/placekitten.com\/300\/200?image=10",
    "note":"뒷다리 부상",
    "description":"부산광역시 강서구 제도로 726 (강동동)에서 구조됨"
  },
  {
    "id":42,
    "name":"믹스묘",
    "type":"Cat",
    "size":"Small",
    "personality":"활발함",
    "available":true,
    "image":"https:\/\/placekitten.com\/300\/200?image=7",
    "note":"결막염",
    "description":"부산광역시 강서구 제도로 726 (강동동)에서 구조됨"
  },
  {
    "id":43,
    "name":"믹스견",
    "type":"Dog",
    "size":"Small",
    "personality":"활발함",
    "available":true,
    "image":"https://cdn.pixabay.com/photo/2023/09/04/06/59/dog-8232158_1280.jpg",
    "note":"심한 털 엉킴, 순함, 흰색",
    "description":"부산광역시 해운대구 송정2로13번길 46 (송정동)에서 구조됨"
  },
  {
    "id":44,
    "name":"믹스묘",
    "type":"Cat",
    "size":"Small",
    "personality":"활발함",
    "available":true,
    "image":"https:\/\/placekitten.com\/300\/200?image=5",
    "note":"안질환으로 눈을 못뜸, 어미없음, 영양상태 부족",
    "description":"부산광역시 강서구 맥도강변길 752-15 (대저2동)에서 구조됨"
  },
  {
    "id":45,
    "name":"믹스묘",
    "type":"Cat",
    "size":"Small",
    "personality":"조용함",
    "available":true,
    "image":"https:\/\/placekitten.com\/300\/200?image=7",
    "note":"새끼고양이(어미와 새끼 2마리 동시입소 ), 젖먹이",
    "description":"부산광역시 강서구 맥도강변길 752-15 (대저2동)에서 구조됨"
  },
  {
    "id":46,
    "name":"믹스묘",
    "type":"Cat",
    "size":"Small",
    "personality":"조용함",
    "available":true,
    "image":"https:\/\/placekitten.com\/300\/200?image=1",
    "note":"새끼고양이(어미와 새끼 2마리 동시입소 ), 젖먹이",
    "description":"부산광역시 강서구 맥도강변길 752-15 (대저2동)에서 구조됨"
  },
  {
    "id":47,
    "name":"한국 고양이",
    "type":"Cat",
    "size":"Small",
    "personality":"조용함",
    "available":true,
    "image":"https:\/\/placekitten.com\/300\/200?image=7",
    "note":"어미고양이(새끼2마리와 입소), 뒷다리부상, 경계심 강함",
    "description":"부산광역시 강서구 맥도강변길 752-15 (대저2동)에서 구조됨"
  },
  {
    "id":48,
    "name":"포메라니안",
    "type":"Dog",
    "size":"Medium",
    "personality":"활발함",
    "available":true,
    "image":"https:\/\/place-puppy.com\/300x200?image=2",
    "note":"경계심 있음, 약간의 입질을 함, 복실복실한 털을 가짐",
    "description":"부산광역시 강서구 맥도강변길 752-15 (대저2동)에서 구조됨"
  },
  {
    "id":49,
    "name":"푸들",
    "type":"Dog",
    "size":"Medium",
    "personality":"활발함",
    "available":true,
    "image":"https://cdn.pixabay.com/photo/2022/07/12/17/12/dog-7317820_1280.jpg",
    "note":"온순함, 털관리가 되어있음, 힘이 좋음",
    "description":"부산광역시 강서구 맥도강변길 752-15 (대저2동)에서 구조됨"
  },
  {
    "id":50,
    "name":"한국 고양이",
    "type":"Cat",
    "size":"Small",
    "personality":"조용함",
    "available":true,
    "image":"https:\/\/placekitten.com\/300\/200?image=4",
    "note":"약간의 경계",
    "description":"부산광역시 해운대구 송정2로13번길 46 (송정동)에서 구조됨"
  },
  {
    "id":51,
    "name":"믹스묘",
    "type":"Cat",
    "size":"Small",
    "personality":"활발함",
    "available":true,
    "image":"https:\/\/placekitten.com\/300\/200?image=1",
    "note":"양호(온순)",
    "description":"부산광역시 연제구 온천천남로 4 (연산동)에서 구조됨"
  },
  {
    "id":52,
    "name":"치와와",
    "type":"Dog",
    "size":"Medium",
    "personality":"경계심 적음",
    "available":true,
    "image":"https://cdn.pixabay.com/photo/2014/09/19/21/47/chihuahua-453063_1280.jpg",
    "note":"경계심과양생성이강함,겁이많음,서구1-52",
    "description":"부산광역시 강서구 맥도강변길 752-15 (대저2동)에서 구조됨"
  },
  {
    "id":53,
    "name":"치와와",
    "type":"Dog",
    "size":"Medium",
    "personality":"활발함",
    "available":true,
    "image":"https://cdn.pixabay.com/photo/2015/11/17/12/42/puppy-1047454_1280.jpg",
    "note":"경계심과양생성이강함,겁이많음,서구1-51",
    "description":"부산광역시 강서구 맥도강변길 752-15 (대저2동)에서 구조됨"
  },
  {
    "id":54,
    "name":"포메라니안",
    "type":"Dog",
    "size":"Medium",
    "personality":"경계심 적음",
    "available":true,
    "image":"https:\/\/place-puppy.com\/300x200?image=9",
    "note":"경계심과양생성이강함,겁이많음,서구1-50",
    "description":"부산광역시 강서구 맥도강변길 752-15 (대저2동)에서 구조됨"
  },
  {
    "id":55,
    "name":"푸들",
    "type":"Dog",
    "size":"Medium",
    "personality":"경계심 적음",
    "available":true,
    "image":"https://cdn.pixabay.com/photo/2021/02/06/06/29/dog-5987025_1280.jpg",
    "note":"소유권 포기, 겁 많음, 순함, 검정+갈색",
    "description":"부산광역시 해운대구 송정2로13번길 46 (송정동)에서 구조됨"
  },
  {
    "id":56,
    "name":"믹스묘",
    "type":"Cat",
    "size":"Small",
    "personality":"활발함",
    "available":true,
    "image":"https:\/\/placekitten.com\/300\/200?image=1",
    "note":"경계심이있음,털관리가되어있음,북구2-60",
    "description":"부산광역시 강서구 맥도강변길 752-15 (대저2동)에서 구조됨"
  },
  {
    "id":57,
    "name":"믹스견",
    "type":"Dog",
    "size":"Medium",
    "personality":"경계심 적음",
    "available":true,
    "image":"https://cdn.pixabay.com/photo/2022/03/02/22/38/border-collie-7044172_1280.jpg",
    "note":"온순함,복슬복슬한털을가짐,다리가짧음,북구1-37",
    "description":"부산광역시 강서구 맥도강변길 752-15 (대저2동)에서 구조됨"
  },
  {
    "id":58,
    "name":"믹스묘",
    "type":"Cat",
    "size":"Small",
    "personality":"활발함",
    "available":true,
    "image":"https:\/\/placekitten.com\/300\/200?image=9",
    "note":"5두동시입소,박스채버려짐,영양상태부족,서구2-35",
    "description":"부산광역시 강서구 맥도강변길 752-15 (대저2동)에서 구조됨"
  },
  {
    "id":59,
    "name":"한국 고양이",
    "type":"Cat",
    "size":"Small",
    "personality":"활발함",
    "available":true,
    "image":"https:\/\/placekitten.com\/300\/200?image=6",
    "note":"5두동시입소,박스채버려짐,영양상태부족,서구2-34",
    "description":"부산광역시 강서구 맥도강변길 752-15 (대저2동)에서 구조됨"
  },
  {
    "id":60,
    "name":"믹스묘",
    "type":"Cat",
    "size":"Small",
    "personality":"활발함",
    "available":true,
    "image":"https:\/\/placekitten.com\/300\/200?image=6",
    "note":"5두동시입소,박스채버려짐,영양상태부족,서구2-33",
    "description":"부산광역시 강서구 맥도강변길 752-15 (대저2동)에서 구조됨"
  },
  {
    "id":61,
    "name":"한국 고양이",
    "type":"Cat",
    "size":"Small",
    "personality":"활발함",
    "available":true,
    "image":"https:\/\/placekitten.com\/300\/200?image=10",
    "note":"5두동시입소,박스채버려짐,영양상태부족,서구2-32",
    "description":"부산광역시 강서구 맥도강변길 752-15 (대저2동)에서 구조됨"
  },
  {
    "id":62,
    "name":"한국 고양이",
    "type":"Cat",
    "size":"Small",
    "personality":"조용함",
    "available":true,
    "image":"https:\/\/placekitten.com\/300\/200?image=9",
    "note":"5두동시입소,박스채버려짐,영양상태부족,서구2-31",
    "description":"부산광역시 강서구 맥도강변길 752-15 (대저2동)에서 구조됨"
  },
  {
    "id":63,
    "name":"한국 고양이",
    "type":"Cat",
    "size":"Small",
    "personality":"조용함",
    "available":true,
    "image":"https:\/\/placekitten.com\/300\/200?image=4",
    "note":"순함, 귀여움, 검정+갈색",
    "description":"부산광역시 해운대구 송정2로13번길 46 (송정동)에서 구조됨"
  },
  {
    "id":64,
    "name":"한국 고양이",
    "type":"Cat",
    "size":"Small",
    "personality":"조용함",
    "available":true,
    "image":"https:\/\/placekitten.com\/300\/200?image=4",
    "note":"순함, 귀여움, 갈색",
    "description":"부산광역시 해운대구 송정2로13번길 46 (송정동)에서 구조됨"
  },
  {
    "id":65,
    "name":"한국 고양이",
    "type":"Cat",
    "size":"Small",
    "personality":"활발함",
    "available":true,
    "image":"https:\/\/placekitten.com\/300\/200?image=7",
    "note":"순함, 귀여움, 갈색",
    "description":"부산광역시 해운대구 송정2로13번길 46 (송정동)에서 구조됨"
  },
  {
    "id":66,
    "name":"말티즈",
    "type":"Dog",
    "size":"Small",
    "personality":"경계심 적음",
    "available":true,
    "image":"https://cdn.pixabay.com/photo/2018/04/09/15/52/puppy-3304447_1280.jpg",
    "note":"신고자 입양 예정, 순함",
    "description":"부산광역시 해운대구 송정2로13번길 46 (송정동)에서 구조됨"
  },
  {
    "id":67,
    "name":"믹스묘",
    "type":"Cat",
    "size":"Small",
    "personality":"조용함",
    "available":true,
    "image":"https:\/\/placekitten.com\/300\/200?image=10",
    "note":"설사증상 있으나 범백검사결과 음성",
    "description":"부산광역시 동구 망양로 835-1 (수정동)에서 구조됨"
  },
  {
    "id":68,
    "name":"푸들",
    "type":"Dog",
    "size":"Large",
    "personality":"경계심 적음",
    "available":true,
    "image":"https://cdn.pixabay.com/photo/2022/07/12/17/12/dog-7317820_1280.jpg",
    "note":"검정 목줄 착용, 순함, 마름",
    "description":"부산광역시 해운대구 송정2로13번길 46 (송정동)에서 구조됨"
  },
  {
    "id":69,
    "name":"믹스묘",
    "type":"Cat",
    "size":"Small",
    "personality":"조용함",
    "available":true,
    "image":"https:\/\/placekitten.com\/300\/200?image=8",
    "note":"뒷다리 부상, 기력 저하, 예민함",
    "description":"부산광역시 해운대구 송정2로13번길 46 (송정동)에서 구조됨"
  },
  {
    "id":70,
    "name":"믹스묘",
    "type":"Cat",
    "size":"Small",
    "personality":"조용함",
    "available":true,
    "image":"https:\/\/placekitten.com\/300\/200?image=5",
    "note":"순함, 귀여움",
    "description":"부산광역시 해운대구 송정2로13번길 46 (송정동)에서 구조됨"
  },
  {
    "id":71,
    "name":"믹스묘",
    "type":"Cat",
    "size":"Small",
    "personality":"조용함",
    "available":true,
    "image":"https:\/\/placekitten.com\/300\/200?image=6",
    "note":"약간의 경계",
    "description":"부산광역시 해운대구 송정2로13번길 46 (송정동)에서 구조됨"
  },
  {
    "id":72,
    "name":"포메라니안",
    "type":"Dog",
    "size":"Small",
    "personality":"활발함",
    "available":true,
    "image":"https:\/\/place-puppy.com\/300x200?image=1",
    "note":"순함, 겁 많음, 연갈색",
    "description":"부산광역시 해운대구 송정2로13번길 46 (송정동)에서 구조됨"
  },
  {
    "id":73,
    "name":"믹스묘",
    "type":"Cat",
    "size":"Small",
    "personality":"활발함",
    "available":true,
    "image":"https:\/\/placekitten.com\/300\/200?image=3",
    "note":"영양상태 불량, 기력 저하",
    "description":"부산광역시 해운대구 송정2로13번길 46 (송정동)에서 구조됨"
  },
  {
    "id":74,
    "name":"치와와",
    "type":"Dog",
    "size":"Medium",
    "personality":"경계심 적음",
    "available":true,
    "image":"https://cdn.pixabay.com/photo/2014/09/19/21/47/chihuahua-453063_1280.jpg",
    "note":"경계 심함",
    "description":"부산광역시 해운대구 송정2로13번길 46 (송정동)에서 구조됨"
  },
  {
    "id":75,
    "name":"한국 고양이",
    "type":"Cat",
    "size":"Small",
    "personality":"조용함",
    "available":true,
    "image":"https:\/\/placekitten.com\/300\/200?image=2",
    "note":"사상73 (250) 어미와 분리됨",
    "description":"부산광역시 강서구 제도로 726 (강동동)에서 구조됨"
  },
  {
    "id":76,
    "name":"믹스견",
    "type":"Dog",
    "size":"Small",
    "personality":"경계심 적음",
    "available":true,
    "image":"https://cdn.pixabay.com/photo/2023/09/04/06/59/dog-8232158_1280.jpg",
    "note":"온순함,줄무늬옷을입고있음,털관리가되어있음,북구1-40",
    "description":"부산광역시 강서구 맥도강변길 752-15 (대저2동)에서 구조됨"
  },
  {
    "id":77,
    "name":"믹스묘",
    "type":"Cat",
    "size":"Small",
    "personality":"조용함",
    "available":true,
    "image":"https:\/\/placekitten.com\/300\/200?image=1",
    "note":"심각한안질환,영양상태부족,기력없음,북구2-58",
    "description":"부산광역시 강서구 맥도강변길 752-15 (대저2동)에서 구조됨"
  },
  {
    "id":78,
    "name":"믹스묘",
    "type":"Cat",
    "size":"Small",
    "personality":"조용함",
    "available":true,
    "image":"https:\/\/placekitten.com\/300\/200?image=3",
    "note":"2두동시입소,어미없이버려짐,안질환,기력없음,북구2-66",
    "description":"부산광역시 강서구 맥도강변길 752-15 (대저2동)에서 구조됨"
  },
  {
    "id":79,
    "name":"한국 고양이",
    "type":"Cat",
    "size":"Small",
    "personality":"활발함",
    "available":true,
    "image":"https:\/\/placekitten.com\/300\/200?image=7",
    "note":"2두동시입소,어미없이버려짐,안질환,기력없음,북구2-65",
    "description":"부산광역시 강서구 맥도강변길 752-15 (대저2동)에서 구조됨"
  },
  {
    "id":80,
    "name":"믹스묘",
    "type":"Cat",
    "size":"Small",
    "personality":"활발함",
    "available":true,
    "image":"https:\/\/placekitten.com\/300\/200?image=3",
    "note":"부산진구 - 92호",
    "description":"부산광역시 강서구 가락대로1283번길 25-2 (봉림동)에서 구조됨"
  },
  {
    "id":81,
    "name":"푸들",
    "type":"Dog",
    "size":"Small",
    "personality":"활발함",
    "available":true,
    "image":"https://cdn.pixabay.com/photo/2022/07/12/17/12/dog-7317820_1280.jpg",
    "note":"부산진구 - 91호",
    "description":"부산광역시 강서구 가락대로1283번길 25-2 (봉림동)에서 구조됨"
  },
  {
    "id":82,
    "name":"말티즈",
    "type":"Dog",
    "size":"Small",
    "personality":"활발함",
    "available":true,
    "image":"https://cdn.pixabay.com/photo/2016/01/05/17/51/maltese-1123016_1280.jpg",
    "note":"부산진구 - 88호",
    "description":"부산광역시 강서구 가락대로1283번길 25-2 (봉림동)에서 구조됨"
  },
  {
    "id":83,
    "name":"말티즈",
    "type":"Dog",
    "size":"Small",
    "personality":"경계심 적음",
    "available":true,
    "image":"https://cdn.pixabay.com/photo/2019/10/29/08/00/dog-4586317_1280.jpg",
    "note":"검정 목줄 착용",
    "description":"부산광역시 강서구 가락대로1283번길 25-2 (봉림동)에서 구조됨"
  },
  {
    "id":84,
    "name":"골든 리트리버",
    "type":"Dog",
    "size":"Small",
    "personality":"경계심 적음",
    "available":true,
    "image":"https://cdn.pixabay.com/photo/2015/08/06/10/40/puppy-877664_1280.jpg",
    "note":"동물등록 되어있으나 견주가 사망하였음",
    "description":"부산광역시 동구 망양로 835-1 (수정동)에서 구조됨"
  },
  {
    "id":85,
    "name":"골든 리트리버",
    "type":"Dog",
    "size":"Medium",
    "personality":"활발함",
    "available":true,
    "image":"https://cdn.pixabay.com/photo/2015/08/06/10/40/puppy-877664_1280.jpg",
    "note":"소방구조",
    "description":"부산광역시 강서구 제도로 726 (강동동)에서 구조됨"
  },
  {
    "id":86,
    "name":"한국 고양이",
    "type":"Cat",
    "size":"Small",
    "personality":"조용함",
    "available":true,
    "image":"https:\/\/placekitten.com\/300\/200?image=3",
    "note":"어미와 분리",
    "description":"부산광역시 강서구 제도로 726 (강동동)에서 구조됨"
  },
  {
    "id":87,
    "name":"믹스묘",
    "type":"Cat",
    "size":"Small",
    "personality":"조용함",
    "available":true,
    "image":"https:\/\/placekitten.com\/300\/200?image=4",
    "note":"어미와 분리",
    "description":"부산광역시 강서구 제도로 726 (강동동)에서 구조됨"
  },
  {
    "id":88,
    "name":"한국 고양이",
    "type":"Cat",
    "size":"Small",
    "personality":"활발함",
    "available":true,
    "image":"https:\/\/placekitten.com\/300\/200?image=5",
    "note":"어미와 분리",
    "description":"부산광역시 강서구 제도로 726 (강동동)에서 구조됨"
  },
  {
    "id":89,
    "name":"믹스묘",
    "type":"Cat",
    "size":"Small",
    "personality":"활발함",
    "available":true,
    "image":"https:\/\/placekitten.com\/300\/200?image=6",
    "note":"흰검",
    "description":"부산광역시 강서구 제도로 726 (강동동)에서 구조됨"
  },
  {
    "id":90,
    "name":"포메라니안",
    "type":"Dog",
    "size":"Small",
    "personality":"경계심 적음",
    "available":true,
    "image":"https:\/\/place-puppy.com\/300x200?image=1",
    "note":"2두동시입소,젖먹이,인공수유,아직눈을못뜸,중구1-15",
    "description":"부산광역시 강서구 맥도강변길 752-15 (대저2동)에서 구조됨"
  },
  {
    "id":91,
    "name":"푸들",
    "type":"Dog",
    "size":"Small",
    "personality":"활발함",
    "available":true,
    "image":"https://cdn.pixabay.com/photo/2021/02/06/06/29/dog-5987025_1280.jpg",
    "note":"2두동시입소,젖먹이,인공수유,아직눈을못뜸,중구1-14",
    "description":"부산광역시 강서구 맥도강변길 752-15 (대저2동)에서 구조됨"
  },
  {
    "id":92,
    "name":"푸들",
    "type":"Dog",
    "size":"Small",
    "personality":"활발함",
    "available":true,
    "image":"https://cdn.pixabay.com/photo/2022/07/12/17/12/dog-7317820_1280.jpg",
    "note":"목줄을하고있음,미용이되어있음,경계심이강함,중구1-13",
    "description":"부산광역시 강서구 맥도강변길 752-15 (대저2동)에서 구조됨"
  },
  {
    "id":93,
    "name":"치와와",
    "type":"Dog",
    "size":"Small",
    "personality":"활발함",
    "available":true,
    "image":"https://cdn.pixabay.com/photo/2014/09/19/21/47/chihuahua-453063_1280.jpg",
    "note":"2두동시입소,온순함,겁이많음,중구1-18",
    "description":"부산광역시 강서구 맥도강변길 752-15 (대저2동)에서 구조됨"
  },
  {
    "id":94,
    "name":"치와와",
    "type":"Dog",
    "size":"Small",
    "personality":"활발함",
    "available":true,
    "image":"https://cdn.pixabay.com/photo/2015/11/17/12/42/puppy-1047454_1280.jpg",
    "note":"2두동시입소,온순함,겁이많음,중구1-17",
    "description":"부산광역시 강서구 맥도강변길 752-15 (대저2동)에서 구조됨"
  },
  {
    "id":95,
    "name":"치와와",
    "type":"Dog",
    "size":"Medium",
    "personality":"활발함",
    "available":true,
    "image":"https://cdn.pixabay.com/photo/2014/09/19/21/44/chihuahua-453059_1280.jpg",
    "note":"경계심이있음,비를맞아털이젖어있음,중구1-12",
    "description":"부산광역시 강서구 맥도강변길 752-15 (대저2동)에서 구조됨"
  },
  {
    "id":96,
    "name":"믹스묘",
    "type":"Cat",
    "size":"Small",
    "personality":"조용함",
    "available":true,
    "image":"https:\/\/placekitten.com\/300\/200?image=2",
    "note":"4두동시입소,안질환,젖먹이,인공수유,중구2-40",
    "description":"부산광역시 강서구 맥도강변길 752-15 (대저2동)에서 구조됨"
  },
  {
    "id":97,
    "name":"골든 리트리버",
    "type":"Dog",
    "size":"Medium",
    "personality":"활발함",
    "available":true,
    "image":"https://cdn.pixabay.com/photo/2015/08/06/10/40/puppy-877664_1280.jpg",
    "note":"경계심이있음,털관리가안되어있음,마른상태,중구1-16",
    "description":"부산광역시 강서구 맥도강변길 752-15 (대저2동)에서 구조됨"
  },
  {
    "id":98,
    "name":"푸들",
    "type":"Dog",
    "size":"Small",
    "personality":"경계심 적음",
    "available":true,
    "image":"https://cdn.pixabay.com/photo/2024/12/06/05/16/dogs-9247872_1280.jpg",
    "note":"경계심과입질을함,복실복실한털을가짐,중구1-11",
    "description":"부산광역시 강서구 맥도강변길 752-15 (대저2동)에서 구조됨"
  },
  {
    "id":99,
    "name":"한국 고양이",
    "type":"Cat",
    "size":"Small",
    "personality":"조용함",
    "available":true,
    "image":"https:\/\/placekitten.com\/300\/200?image=1",
    "note":"어미없이버려짐,영양상태부족,기력없음,중구2-43",
    "description":"부산광역시 강서구 맥도강변길 752-15 (대저2동)에서 구조됨"
  },
  {
    "id":100,
    "name":"한국 고양이",
    "type":"Cat",
    "size":"Small",
    "personality":"조용함",
    "available":true,
    "image":"https:\/\/placekitten.com\/300\/200?image=9",
    "note":"7두동시입소,어미없이버려짐,영양상태부족,중구2-50",
    "description":"부산광역시 강서구 맥도강변길 752-15 (대저2동)에서 구조됨"
  },
  {
    "id":101,
    "name":"한국 고양이",
    "type":"Cat",
    "size":"Small",
    "personality":"활발함",
    "available":true,
    "image":"https:\/\/placekitten.com\/300\/200?image=4",
    "note":"7두동시입소,어미없이버려짐,영양상태부족,중구2-49",
    "description":"부산광역시 강서구 맥도강변길 752-15 (대저2동)에서 구조됨"
  },
  {
    "id":102,
    "name":"한국 고양이",
    "type":"Cat",
    "size":"Small",
    "personality":"활발함",
    "available":true,
    "image":"https:\/\/placekitten.com\/300\/200?image=10",
    "note":"7두동시입소,어미없이버려짐,영양상태부족,중구2-48",
    "description":"부산광역시 강서구 맥도강변길 752-15 (대저2동)에서 구조됨"
  },
  {
    "id":103,
    "name":"한국 고양이",
    "type":"Cat",
    "size":"Small",
    "personality":"조용함",
    "available":true,
    "image":"https:\/\/placekitten.com\/300\/200?image=10",
    "note":"7두동시입소,어미없이버려짐,영양상태부족,중구2-47",
    "description":"부산광역시 강서구 맥도강변길 752-15 (대저2동)에서 구조됨"
  },
  {
    "id":104,
    "name":"한국 고양이",
    "type":"Cat",
    "size":"Small",
    "personality":"활발함",
    "available":true,
    "image":"https:\/\/placekitten.com\/300\/200?image=4",
    "note":"7두동시입소,어미없이버려짐,영양상태부족,중구2-46",
    "description":"부산광역시 강서구 맥도강변길 752-15 (대저2동)에서 구조됨"
  },
  {
    "id":105,
    "name":"한국 고양이",
    "type":"Cat",
    "size":"Small",
    "personality":"조용함",
    "available":true,
    "image":"https:\/\/placekitten.com\/300\/200?image=1",
    "note":"7두동시입소,어미없이버려짐,영양상태부족,중구2-45",
    "description":"부산광역시 강서구 맥도강변길 752-15 (대저2동)에서 구조됨"
  },
  {
    "id":106,
    "name":"한국 고양이",
    "type":"Cat",
    "size":"Small",
    "personality":"조용함",
    "available":true,
    "image":"https:\/\/placekitten.com\/300\/200?image=1",
    "note":"7두동시입소,어미없이버려짐,영양상태부족,중구2-44",
    "description":"부산광역시 강서구 맥도강변길 752-15 (대저2동)에서 구조됨"
  },
  {
    "id":107,
    "name":"믹스묘",
    "type":"Cat",
    "size":"Small",
    "personality":"조용함",
    "available":true,
    "image":"https:\/\/placekitten.com\/300\/200?image=5",
    "note":"영양상태 불량 기력 매우 저하",
    "description":"부산광역시 해운대구 송정2로13번길 46 (송정동)에서 구조됨"
  },
  {
    "id":108,
    "name":"믹스묘",
    "type":"Cat",
    "size":"Small",
    "personality":"활발함",
    "available":true,
    "image":"https:\/\/placekitten.com\/300\/200?image=4",
    "note":"심각한안질환과구내염,피부병이있음,기력없음,서구2-36",
    "description":"부산광역시 강서구 맥도강변길 752-15 (대저2동)에서 구조됨"
  },
  {
    "id":109,
    "name":"한국 고양이",
    "type":"Cat",
    "size":"Small",
    "personality":"조용함",
    "available":true,
    "image":"https:\/\/placekitten.com\/300\/200?image=5",
    "note":"분유수유 거부",
    "description":"부산광역시 동구 망양로 835-1 (수정동)에서 구조됨"
  },
  {
    "id":110,
    "name":"믹스묘",
    "type":"Cat",
    "size":"Small",
    "personality":"활발함",
    "available":true,
    "image":"https:\/\/placekitten.com\/300\/200?image=6",
    "note":"분유수유 거부함",
    "description":"부산광역시 동구 망양로 835-1 (수정동)에서 구조됨"
  },
  {
    "id":111,
    "name":"믹스묘",
    "type":"Cat",
    "size":"Small",
    "personality":"활발함",
    "available":true,
    "image":"https:\/\/placekitten.com\/300\/200?image=5",
    "note":"분유수유 거부함",
    "description":"부산광역시 동구 망양로 835-1 (수정동)에서 구조됨"
  },
  {
    "id":112,
    "name":"믹스묘",
    "type":"Cat",
    "size":"Small",
    "personality":"활발함",
    "available":true,
    "image":"https:\/\/placekitten.com\/300\/200?image=9",
    "note":"영양결핍",
    "description":"부산광역시 동구 망양로 835-1 (수정동)에서 구조됨"
  },
  {
    "id":113,
    "name":"푸들",
    "type":"Dog",
    "size":"Small",
    "personality":"활발함",
    "available":true,
    "image":"https://cdn.pixabay.com/photo/2024/12/06/05/16/dogs-9247872_1280.jpg",
    "note":"활발함,사람을잘따름,털관리가안되어있음,북구1-42",
    "description":"부산광역시 강서구 맥도강변길 752-15 (대저2동)에서 구조됨"
  },
  {
    "id":114,
    "name":"믹스묘",
    "type":"Cat",
    "size":"Small",
    "personality":"활발함",
    "available":true,
    "image":"https:\/\/placekitten.com\/300\/200?image=2",
    "note":"활발함, 검정+갈색",
    "description":"부산광역시 해운대구 송정2로13번길 46 (송정동)에서 구조됨"
  },
  {
    "id":115,
    "name":"말티즈",
    "type":"Dog",
    "size":"Small",
    "personality":"경계심 적음",
    "available":true,
    "image":"https://cdn.pixabay.com/photo/2018/04/09/15/52/puppy-3304447_1280.jpg",
    "note":"순함, 귀여움, 갈색+흰색",
    "description":"부산광역시 해운대구 송정2로13번길 46 (송정동)에서 구조됨"
  },
  {
    "id":116,
    "name":"골든 리트리버",
    "type":"Dog",
    "size":"Medium",
    "personality":"경계심 적음",
    "available":true,
    "image":"https://cdn.pixabay.com/photo/2023/09/24/14/05/dog-8272860_1280.jpg",
    "note":"미키 무늬 하늘색 옷 착용, 순함",
    "description":"부산광역시 해운대구 송정2로13번길 46 (송정동)에서 구조됨"
  },
  {
    "id":117,
    "name":"한국 고양이",
    "type":"Cat",
    "size":"Small",
    "personality":"활발함",
    "available":true,
    "image":"https:\/\/placekitten.com\/300\/200?image=7",
    "note":"순함, 귀여움",
    "description":"부산광역시 해운대구 송정2로13번길 46 (송정동)에서 구조됨"
  },
  {
    "id":118,
    "name":"믹스묘",
    "type":"Cat",
    "size":"Small",
    "personality":"조용함",
    "available":true,
    "image":"https:\/\/placekitten.com\/300\/200?image=2",
    "note":"순함, 귀여움",
    "description":"부산광역시 해운대구 송정2로13번길 46 (송정동)에서 구조됨"
  },
  {
    "id":119,
    "name":"한국 고양이",
    "type":"Cat",
    "size":"Small",
    "personality":"활발함",
    "available":true,
    "image":"https:\/\/placekitten.com\/300\/200?image=8",
    "note":"젖먹이,인공수유,영양상태부족,북구2-63",
    "description":"부산광역시 강서구 맥도강변길 752-15 (대저2동)에서 구조됨"
  },
  {
    "id":120,
    "name":"믹스묘",
    "type":"Cat",
    "size":"Small",
    "personality":"활발함",
    "available":true,
    "image":"https:\/\/placekitten.com\/300\/200?image=6",
    "note":"2두동시입소,젖먹이,인공수유,하구수에끼여있음,북구2-69",
    "description":"부산광역시 강서구 맥도강변길 752-15 (대저2동)에서 구조됨"
  },
  {
    "id":121,
    "name":"믹스묘",
    "type":"Cat",
    "size":"Small",
    "personality":"활발함",
    "available":true,
    "image":"https:\/\/placekitten.com\/300\/200?image=9",
    "note":"2두동시입소,젖먹이,인공수유,하구수에끼여있음,북구2-68",
    "description":"부산광역시 강서구 맥도강변길 752-15 (대저2동)에서 구조됨"
  },
  {
    "id":122,
    "name":"믹스묘",
    "type":"Cat",
    "size":"Small",
    "personality":"조용함",
    "available":true,
    "image":"https:\/\/placekitten.com\/300\/200?image=10",
    "note":"영양상태 불량, 기력 저하",
    "description":"부산광역시 해운대구 송정2로13번길 46 (송정동)에서 구조됨"
  },
  {
    "id":123,
    "name":"한국 고양이",
    "type":"Cat",
    "size":"Small",
    "personality":"조용함",
    "available":true,
    "image":"https:\/\/placekitten.com\/300\/200?image=1",
    "note":"영양상태 불량, 기력 저하",
    "description":"부산광역시 해운대구 송정2로13번길 46 (송정동)에서 구조됨"
  },
  {
    "id":124,
    "name":"믹스묘",
    "type":"Cat",
    "size":"Small",
    "personality":"조용함",
    "available":true,
    "image":"https:\/\/placekitten.com\/300\/200?image=5",
    "note":"영양상태 불량, 기력 저하",
    "description":"부산광역시 해운대구 송정2로13번길 46 (송정동)에서 구조됨"
  },
  {
    "id":125,
    "name":"한국 고양이",
    "type":"Cat",
    "size":"Small",
    "personality":"활발함",
    "available":true,
    "image":"https:\/\/placekitten.com\/300\/200?image=7",
    "note":"영양상태 불량, 기력 저하",
    "description":"부산광역시 해운대구 송정2로13번길 46 (송정동)에서 구조됨"
  },
  {
    "id":126,
    "name":"믹스묘",
    "type":"Cat",
    "size":"Small",
    "personality":"조용함",
    "available":true,
    "image":"https:\/\/placekitten.com\/300\/200?image=8",
    "note":"어미없이버려짐,영양상태부족,기력없음,북구2-67",
    "description":"부산광역시 강서구 맥도강변길 752-15 (대저2동)에서 구조됨"
  },
  {
    "id":127,
    "name":"한국 고양이",
    "type":"Cat",
    "size":"Small",
    "personality":"활발함",
    "available":true,
    "image":"https:\/\/placekitten.com\/300\/200?image=8",
    "note":"순함, 검정+갈색",
    "description":"부산광역시 해운대구 송정2로13번길 46 (송정동)에서 구조됨"
  },
  {
    "id":128,
    "name":"믹스묘",
    "type":"Cat",
    "size":"Small",
    "personality":"조용함",
    "available":true,
    "image":"https:\/\/placekitten.com\/300\/200?image=4",
    "note":"안질환, 앞다리부상, 영양상태부족",
    "description":"부산광역시 강서구 맥도강변길 752-15 (대저2동)에서 구조됨"
  },
  {
    "id":129,
    "name":"믹스견",
    "type":"Dog",
    "size":"Small",
    "personality":"경계심 적음",
    "available":true,
    "image":"https://cdn.pixabay.com/photo/2018/12/19/19/46/dog-3884646_1280.jpg",
    "note":"백내장, 목걸이 착용, 겁이많음, 털관리가 안되어 있음",
    "description":"부산광역시 강서구 맥도강변길 752-15 (대저2동)에서 구조됨"
  },
  {
    "id":130,
    "name":"한국 고양이",
    "type":"Cat",
    "size":"Small",
    "personality":"조용함",
    "available":true,
    "image":"https:\/\/placekitten.com\/300\/200?image=4",
    "note":"5두동시입소, 젖먹이, 인공수유",
    "description":"부산광역시 강서구 맥도강변길 752-15 (대저2동)에서 구조됨"
  },
  {
    "id":131,
    "name":"한국 고양이",
    "type":"Cat",
    "size":"Small",
    "personality":"조용함",
    "available":true,
    "image":"https:\/\/placekitten.com\/300\/200?image=6",
    "note":"5두동시입소, 젖먹이, 인공수유",
    "description":"부산광역시 강서구 맥도강변길 752-15 (대저2동)에서 구조됨"
  },
  {
    "id":132,
    "name":"믹스묘",
    "type":"Cat",
    "size":"Small",
    "personality":"활발함",
    "available":true,
    "image":"https:\/\/placekitten.com\/300\/200?image=2",
    "note":"5두동시입소, 젖먹이, 인공수유",
    "description":"부산광역시 강서구 맥도강변길 752-15 (대저2동)에서 구조됨"
  },
  {
    "id":133,
    "name":"한국 고양이",
    "type":"Cat",
    "size":"Small",
    "personality":"활발함",
    "available":true,
    "image":"https:\/\/placekitten.com\/300\/200?image=4",
    "note":"5두동시입소, 젖먹이, 인공수유",
    "description":"부산광역시 강서구 맥도강변길 752-15 (대저2동)에서 구조됨"
  },
  {
    "id":134,
    "name":"믹스묘",
    "type":"Cat",
    "size":"Small",
    "personality":"경계심 적음",
    "available":true,
    "image":"https:\/\/placekitten.com\/300\/200?image=3",
    "note":"5두동시입소, 젖먹이, 인공수유",
    "description":"부산광역시 강서구 맥도강변길 752-15 (대저2동)에서 구조됨"
  },
  {
    "id":135,
    "name":"믹스묘",
    "type":"Cat",
    "size":"Small",
    "personality":"조용함",
    "available":true,
    "image":"https:\/\/placekitten.com\/300\/200?image=6",
    "note":"사고 의심, 뒷다리 부상, 기력 매우 저하",
    "description":"부산광역시 해운대구 송정2로13번길 46 (송정동)에서 구조됨"
  },
  {
    "id":136,
    "name":"믹스묘",
    "type":"Cat",
    "size":"Small",
    "personality":"조용함",
    "available":true,
    "image":"https:\/\/placekitten.com\/300\/200?image=6",
    "note":"안질환, 영양상태 불량, 기력 저하",
    "description":"부산광역시 해운대구 송정2로13번길 46 (송정동)에서 구조됨"
  },
  {
    "id":137,
    "name":"믹스묘",
    "type":"Cat",
    "size":"Small",
    "personality":"조용함",
    "available":true,
    "image":"https:\/\/placekitten.com\/300\/200?image=3",
    "note":"안질환, 영양상태 불량, 기력 저하",
    "description":"부산광역시 해운대구 송정2로13번길 46 (송정동)에서 구조됨"
  },
  {
    "id":138,
    "name":"믹스묘",
    "type":"Cat",
    "size":"Small",
    "personality":"조용함",
    "available":true,
    "image":"https:\/\/placekitten.com\/300\/200?image=3",
    "note":"6두동 동시입소, 안질환, 어미없음, 영양상태 부족",
    "description":"부산광역시 강서구 맥도강변길 752-15 (대저2동)에서 구조됨"
  },
  {
    "id":139,
    "name":"믹스묘",
    "type":"Cat",
    "size":"Small",
    "personality":"조용함",
    "available":true,
    "image":"https:\/\/placekitten.com\/300\/200?image=5",
    "note":"6두동 동시입소, 안질환, 어미없음, 영양상태 부족",
    "description":"부산광역시 강서구 맥도강변길 752-15 (대저2동)에서 구조됨"
  },
  {
    "id":140,
    "name":"믹스묘",
    "type":"Cat",
    "size":"Small",
    "personality":"조용함",
    "available":true,
    "image":"https:\/\/placekitten.com\/300\/200?image=4",
    "note":"6두동 동시입소, 안질환, 어미없음, 영양상태 부족",
    "description":"부산광역시 강서구 맥도강변길 752-15 (대저2동)에서 구조됨"
  },
  {
    "id":141,
    "name":"믹스묘",
    "type":"Cat",
    "size":"Small",
    "personality":"활발함",
    "available":true,
    "image":"https:\/\/placekitten.com\/300\/200?image=7",
    "note":"6두동 동시입소, 안질환, 어미없음, 영양상태 부족",
    "description":"부산광역시 강서구 맥도강변길 752-15 (대저2동)에서 구조됨"
  },
  {
    "id":142,
    "name":"믹스묘",
    "type":"Cat",
    "size":"Small",
    "personality":"조용함",
    "available":true,
    "image":"https:\/\/placekitten.com\/300\/200?image=7",
    "note":"6두동 동시입소, 안질환, 어미없음, 영양상태 부족",
    "description":"부산광역시 강서구 맥도강변길 752-15 (대저2동)에서 구조됨"
  },
  {
    "id":143,
    "name":"믹스묘",
    "type":"Cat",
    "size":"Small",
    "personality":"조용함",
    "available":true,
    "image":"https:\/\/placekitten.com\/300\/200?image=7",
    "note":"6두동 동시입소, 안질환, 어미없음, 영양상태 부족",
    "description":"부산광역시 강서구 맥도강변길 752-15 (대저2동)에서 구조됨"
  },
  {
    "id":144,
    "name":"골든 리트리버",
    "type":"Dog",
    "size":"Small",
    "personality":"활발함",
    "available":true,
    "image":"https://cdn.pixabay.com/photo/2024/03/19/20/14/golden-retriever-puppies-8644050_1280.jpg",
    "note":"순함",
    "description":"부산광역시 해운대구 송정2로13번길 46 (송정동)에서 구조됨"
  },
  {
    "id":145,
    "name":"믹스묘",
    "type":"Cat",
    "size":"Small",
    "personality":"활발함",
    "available":true,
    "image":"https:\/\/placekitten.com\/300\/200?image=2",
    "note":"안질환,영양상태부족,기력없음,북구2-64",
    "description":"부산광역시 강서구 맥도강변길 752-15 (대저2동)에서 구조됨"
  },
  {
    "id":146,
    "name":"믹스견",
    "type":"Dog",
    "size":"Medium",
    "personality":"활발함",
    "available":true,
    "image":"https://cdn.pixabay.com/photo/2022/03/02/22/38/border-collie-7044172_1280.jpg",
    "note":"온순함,마른상태,털관리가되어있음,북구1-38",
    "description":"부산광역시 강서구 맥도강변길 752-15 (대저2동)에서 구조됨"
  },
  {
    "id":147,
    "name":"한국 고양이",
    "type":"Cat",
    "size":"Small",
    "personality":"조용함",
    "available":true,
    "image":"https:\/\/placekitten.com\/300\/200?image=6",
    "note":"소방서 구조",
    "description":"부산광역시 강서구 제도로 726 (강동동)에서 구조됨"
  },
  {
    "id":148,
    "name":"한국 고양이",
    "type":"Cat",
    "size":"Small",
    "personality":"활발함",
    "available":true,
    "image":"https:\/\/placekitten.com\/300\/200?image=1",
    "note":"순함, 회색",
    "description":"부산광역시 해운대구 송정2로13번길 46 (송정동)에서 구조됨"
  },
  {
    "id":149,
    "name":"말티즈",
    "type":"Dog",
    "size":"Medium",
    "personality":"경계심 적음",
    "available":true,
    "image":"https://cdn.pixabay.com/photo/2018/04/09/15/52/puppy-3304447_1280.jpg",
    "note":"파란 목줄 착용, 겁 많음",
    "description":"부산광역시 해운대구 송정2로13번길 46 (송정동)에서 구조됨"
  },
  {
    "id":150,
    "name":"믹스묘",
    "type":"Cat",
    "size":"Small",
    "personality":"조용함",
    "available":true,
    "image":"https:\/\/placekitten.com\/300\/200?image=1",
    "note":"안질환, 마름",
    "description":"부산광역시 해운대구 송정2로13번길 46 (송정동)에서 구조됨"
  },
  {
    "id":151,
    "name":"포메라니안",
    "type":"Dog",
    "size":"Large",
    "personality":"경계심 적음",
    "available":true,
    "image":"https:\/\/place-puppy.com\/300x200?image=10",
    "note":"온순함,목줄을하고있음,덩치가매우큼,북구1-41",
    "description":"부산광역시 강서구 맥도강변길 752-15 (대저2동)에서 구조됨"
  },
  {
    "id":152,
    "name":"믹스묘",
    "type":"Cat",
    "size":"Small",
    "personality":"활발함",
    "available":true,
    "image":"https:\/\/placekitten.com\/300\/200?image=6",
    "note":"영양상태 불량, 기력 매우 저하",
    "description":"부산광역시 해운대구 송정2로13번길 46 (송정동)에서 구조됨"
  },
  {
    "id":153,
    "name":"믹스묘",
    "type":"Cat",
    "size":"Small",
    "personality":"활발함",
    "available":true,
    "image":"https:\/\/placekitten.com\/300\/200?image=3",
    "note":"약간의 경계, 귀여움",
    "description":"부산광역시 해운대구 송정2로13번길 46 (송정동)에서 구조됨"
  },
  {
    "id":154,
    "name":"믹스묘",
    "type":"Cat",
    "size":"Small",
    "personality":"활발함",
    "available":true,
    "image":"https:\/\/placekitten.com\/300\/200?image=8",
    "note":"영양상태 불량, 기력 저하",
    "description":"부산광역시 해운대구 송정2로13번길 46 (송정동)에서 구조됨"
  },
  {
    "id":155,
    "name":"믹스묘",
    "type":"Cat",
    "size":"Small",
    "personality":"조용함",
    "available":true,
    "image":"https:\/\/placekitten.com\/300\/200?image=6",
    "note":"영양상태 불량, 기력 저하",
    "description":"부산광역시 해운대구 송정2로13번길 46 (송정동)에서 구조됨"
  },
  {
    "id":156,
    "name":"믹스묘",
    "type":"Cat",
    "size":"Small",
    "personality":"조용함",
    "available":true,
    "image":"https:\/\/placekitten.com\/300\/200?image=9",
    "note":"영양상태 불량, 기력 저하",
    "description":"부산광역시 해운대구 송정2로13번길 46 (송정동)에서 구조됨"
  },
  {
    "id":157,
    "name":"푸들",
    "type":"Dog",
    "size":"Medium",
    "personality":"경계심 적음",
    "available":true,
    "image":"https://cdn.pixabay.com/photo/2021/02/06/06/29/dog-5987025_1280.jpg",
    "note":"노령견,미용이되어있음,하울링이심함,북구1-36",
    "description":"부산광역시 강서구 맥도강변길 752-15 (대저2동)에서 구조됨"
  },
  {
    "id":158,
    "name":"말티즈",
    "type":"Dog",
    "size":"Small",
    "personality":"경계심 적음",
    "available":true,
    "image":"https://cdn.pixabay.com/photo/2018/04/09/15/52/puppy-3304447_1280.jpg",
    "note":"온순함,사람을잘따름,털관리가되어있음,북구1-39",
    "description":"부산광역시 강서구 맥도강변길 752-15 (대저2동)에서 구조됨"
  },
  {
    "id":159,
    "name":"믹스묘",
    "type":"Cat",
    "size":"Small",
    "personality":"활발함",
    "available":true,
    "image":"https:\/\/placekitten.com\/300\/200?image=7",
    "note":"2두동시입소,안질환,어미없이버려짐,북구2-62",
    "description":"부산광역시 강서구 맥도강변길 752-15 (대저2동)에서 구조됨"
  },
  {
    "id":160,
    "name":"믹스묘",
    "type":"Cat",
    "size":"Small",
    "personality":"조용함",
    "available":true,
    "image":"https:\/\/placekitten.com\/300\/200?image=2",
    "note":"2두동시입소,안질환,어미없이버려짐,북구2-61",
    "description":"부산광역시 강서구 맥도강변길 752-15 (대저2동)에서 구조됨"
  },
  {
    "id":161,
    "name":"한국 고양이",
    "type":"Cat",
    "size":"Small",
    "personality":"활발함",
    "available":true,
    "image":"https:\/\/placekitten.com\/300\/200?image=3",
    "note":"영양상태 불량, 기력 저하",
    "description":"부산광역시 해운대구 송정2로13번길 46 (송정동)에서 구조됨"
  },
  {
    "id":162,
    "name":"믹스묘",
    "type":"Cat",
    "size":"Medium",
    "personality":"활발함",
    "available":true,
    "image":"https:\/\/placekitten.com\/300\/200?image=4",
    "note":"동물인수제",
    "description":"부산광역시 강서구 제도로 726 (강동동)에서 구조됨"
  },
  {
    "id":163,
    "name":"한국 고양이",
    "type":"Cat",
    "size":"Small",
    "personality":"활발함",
    "available":true,
    "image":"https:\/\/placekitten.com\/300\/200?image=9",
    "note":"사상71 (248)",
    "description":"부산광역시 강서구 제도로 726 (강동동)에서 구조됨"
  },
  {
    "id":164,
    "name":"믹스묘",
    "type":"Cat",
    "size":"Small",
    "personality":"조용함",
    "available":true,
    "image":"https:\/\/placekitten.com\/300\/200?image=5",
    "note":"사상70 (247)",
    "description":"부산광역시 강서구 제도로 726 (강동동)에서 구조됨"
  },
  {
    "id":165,
    "name":"믹스묘",
    "type":"Cat",
    "size":"Small",
    "personality":"활발함",
    "available":true,
    "image":"https:\/\/placekitten.com\/300\/200?image=3",
    "note":"사상69 (246)",
    "description":"부산광역시 강서구 제도로 726 (강동동)에서 구조됨"
  },
  {
    "id":166,
    "name":"한국 고양이",
    "type":"Cat",
    "size":"Small",
    "personality":"조용함",
    "available":true,
    "image":"https:\/\/placekitten.com\/300\/200?image=6",
    "note":"사상68 (245)",
    "description":"부산광역시 강서구 제도로 726 (강동동)에서 구조됨"
  },
  {
    "id":167,
    "name":"믹스묘",
    "type":"Cat",
    "size":"Small",
    "personality":"조용함",
    "available":true,
    "image":"https:\/\/placekitten.com\/300\/200?image=5",
    "note":"불랑(쇠약)",
    "description":"부산광역시 연제구 온천천남로 4 (연산동)에서 구조됨"
  },
  {
    "id":168,
    "name":"한국 고양이",
    "type":"Cat",
    "size":"Small",
    "personality":"조용함",
    "available":true,
    "image":"https:\/\/placekitten.com\/300\/200?image=10",
    "note":"불랑(쇠약)",
    "description":"부산광역시 연제구 온천천남로 4 (연산동)에서 구조됨"
  },
  {
    "id":169,
    "name":"푸들",
    "type":"Dog",
    "size":"Large",
    "personality":"활발함",
    "available":true,
    "image":"https://cdn.pixabay.com/photo/2024/12/06/05/16/dogs-9247872_1280.jpg",
    "note":"공격성 보임",
    "description":"부산광역시 강서구 제도로 726 (강동동)에서 구조됨"
  },
  {
    "id":170,
    "name":"치와와",
    "type":"Dog",
    "size":"Medium",
    "personality":"경계심 적음",
    "available":true,
    "image":"https://cdn.pixabay.com/photo/2015/11/17/12/42/puppy-1047454_1280.jpg",
    "note":"강서 112",
    "description":"부산광역시 강서구 제도로 726 (강동동)에서 구조됨"
  },
  {
    "id":171,
    "name":"포메라니안",
    "type":"Dog",
    "size":"Large",
    "personality":"활발함",
    "available":true,
    "image":"https:\/\/place-puppy.com\/300x200?image=6",
    "note":"차도 일대에서 발견됨",
    "description":"부산광역시 강서구 제도로 726 (강동동)에서 구조됨"
  },
  {
    "id":172,
    "name":"믹스묘",
    "type":"Cat",
    "size":"Small",
    "personality":"활발함",
    "available":true,
    "image":"https:\/\/placekitten.com\/300\/200?image=1",
    "note":"안질환",
    "description":"부산광역시 강서구 제도로 726 (강동동)에서 구조됨"
  },
  {
    "id":173,
    "name":"믹스묘",
    "type":"Cat",
    "size":"Small",
    "personality":"조용함",
    "available":true,
    "image":"https:\/\/placekitten.com\/300\/200?image=6",
    "note":"무리와 분리됨",
    "description":"부산광역시 강서구 제도로 726 (강동동)에서 구조됨"
  },
  {
    "id":174,
    "name":"한국 고양이",
    "type":"Cat",
    "size":"Small",
    "personality":"조용함",
    "available":true,
    "image":"https:\/\/placekitten.com\/300\/200?image=8",
    "note":"영양상태 불량, 기력 매우 저하",
    "description":"부산광역시 해운대구 송정2로13번길 46 (송정동)에서 구조됨"
  },
  {
    "id":175,
    "name":"포메라니안",
    "type":"Dog",
    "size":"Medium",
    "personality":"경계심 적음",
    "available":true,
    "image":"https:\/\/place-puppy.com\/300x200?image=2",
    "note":"예민함, 경계 심함",
    "description":"부산광역시 해운대구 송정2로13번길 46 (송정동)에서 구조됨"
  },
  {
    "id":176,
    "name":"믹스묘",
    "type":"Cat",
    "size":"Small",
    "personality":"활발함",
    "available":true,
    "image":"https:\/\/placekitten.com\/300\/200?image=10",
    "note":"회검색, 목에 흰털",
    "description":"부산광역시 강서구 제도로 726 (강동동)에서 구조됨"
  }
]